Feature Group,Model,Train Accuracy,Train Precision,Train Recall,Train F1-Score,Test Accuracy,Test Precision,Test Recall,Test F1-Score,Selected Features
ADABOOST DT_VARIANCE_threshold-0.001,AdaBoost DT,0.6726190476190477,0.6896787372832338,0.6726190476190477,0.6764707784212316,0.5796766743648961,0.5870159410261206,0.5796766743648961,0.580953714924186,"R, G, B, r, b, G/Bratio, H, S, cL, ca, cb"
ADABOOST DT_VARIANCE_threshold-0.005,AdaBoost DT,0.6726190476190477,0.6896787372832338,0.6726190476190477,0.6764707784212316,0.5796766743648961,0.5870159410261206,0.5796766743648961,0.580953714924186,"R, G, B, G/Bratio, H, S, cL, ca, cb"
ADABOOST DT_VARIANCE_threshold-0.01,AdaBoost DT,0.6726190476190477,0.6896787372832338,0.6726190476190477,0.6764707784212316,0.5796766743648961,0.5870159410261206,0.5796766743648961,0.580953714924186,"R, G, B, G/Bratio, H, cL, ca, cb"
ADABOOST DT_VARIANCE_threshold-0.02,AdaBoost DT,0.6726190476190477,0.6896787372832338,0.6726190476190477,0.6764707784212316,0.5796766743648961,0.5870159410261206,0.5796766743648961,0.580953714924186,"R, G, B, G/Bratio, H, cL, ca, cb"
ADABOOST DT_VARIANCE_threshold-0.05,AdaBoost DT,0.6726190476190477,0.6896787372832338,0.6726190476190477,0.6764707784212316,0.5796766743648961,0.5870159410261206,0.5796766743648961,0.580953714924186,"R, G, B, H, cL, ca, cb"
